id;fname;lname;mobile_no;dob;address_line_1;address_line_2;city;state;pincode;other_detail;created_by;created_date;last_modified_by;last_modified_date
1;mobile Fish;Home Loan Account Table Computer;TraceXXXXX;2019-06-15;Metal deposit;Producer;Wehnerberg;Chips;Money Market Account;Albania web-readiness;Namibia;2019-06-15T02:25:48;Gorgeous Frozen Pants;2019-06-15T06:26:25
2;Licensed Savings Account;Cambridgeshire Mississippi;HDDXXXXXXX;2019-06-14;Centers;Factors;MacGyverfort;access Intelligent;Monitored Bahamian Dollar Investment Account;Games Regional Digitized;copy convergence;2019-06-15T07:02:10;Georgia Industrial;2019-06-14T15:48:43
3;Views e-enable Communications;National Awesome sky blue;TacticsXXX;2019-06-14;compress South Georgia and the South Sandwich Islands;compelling mission-critical;Dougland;back-end;Industrial;index orange;Jewelery;2019-06-15T07:15:16;monitor 1080p Checking Account;2019-06-14T13:47:45
4;deposit Internal;Investment Account archive Fantastic Plastic Chicken;paymentXXX;2019-06-14;tangible Mississippi;Frozen bus;Reichertmouth;compress;Sleek Metal Table Small;Intelligent Outdoors;Harbor Montana;2019-06-14T19:20:04;Concrete Investment Account Saint Lucia;2019-06-15T07:09:12
5;Brand;neutral Salad;Auto Loan Account modular Refined;2019-06-15;mint green e-business EXE;back-end;Hermannborough;Gorgeous Profit-focused synergies;cutting-edge ability Hat;supply-chains magenta;encompassing;2019-06-15T06:10:04;Gloves sky blue Oklahoma;2019-06-15T02:20:05
6;Tasty Concrete Chips Exclusive;Buckinghamshire capability zero tolerance;mission-critical;2019-06-14;paradigms Home;Investor Public-key;South Jeffryview;Dominican Republic Credit Card Account Handmade;Ergonomic transmitter;Point Orchestrator;Solomon Islands Licensed;2019-06-14T15:58:47;installation;2019-06-15T07:33:01
7;Refined Rubber Gloves Algerian Dinar Clothing;open-source turn-key;SausagesXX;2019-06-14;synthesize Creative;Forint;Bessieville;Tanzania Fiji Dollar Profound;parsing;Borders content-based;Tasty Customer Human;2019-06-14T20:49:57;B2B;2019-06-15T03:38:45
8;bus Internal AI;THX bypassing Marketing;Dynamic Home Loan Account Tools;2019-06-15;invoice Home Gloves;Buckinghamshire Ports;Fadelville;Computers Bedfordshire Fish;payment calculating;local area network Benin;turn-key dedicated;2019-06-15T06:10:16;Strategist target;2019-06-14T14:37:04
9;withdrawal cross-platform Borders;Libyan Dinar CSS;sensorXXXX;2019-06-15;Shoes deposit;Representative;Port Dustin;PCI back up Factors;architectures;Wisconsin Facilitator Incredible;reinvent;2019-06-14T15:35:59;infrastructure;2019-06-15T07:57:32
10;Maryland Configuration;Intranet Ergonomic Concrete Soap Zambian Kwacha;Concrete Bedfordshire;2019-06-14;program;Metal array France;Lake Heber;Synergistic Personal Loan Account Sleek;Borders;olive Handcrafted Cotton Bacon Unbranded Fresh Pants;incubate;2019-06-15T09:46:16;North Dakota Garden;2019-06-15T00:51:09
